{
  "metadata": {
    "version": "1.0.0",
    "type": "logistic_regression_multinomial",
    "classes": [
      "SAFE",
      "SENSITIVE",
      "CRITICAL"
    ],
    "feature_count": 37,
    "cv_accuracy": 0.8065054945054945,
    "cv_std": 0.03089350101205802
  },
  "feature_names": [
    "char_count",
    "confidentiality_markers",
    "finance_match_count",
    "finance_max_weight",
    "finance_total_weight",
    "general_match_count",
    "general_max_weight",
    "general_total_weight",
    "has_code",
    "has_dates",
    "has_imperative",
    "has_names",
    "has_specific_numbers",
    "healthcare_match_count",
    "healthcare_max_weight",
    "healthcare_total_weight",
    "investment_banking_match_count",
    "investment_banking_max_weight",
    "investment_banking_total_weight",
    "is_question",
    "legal_match_count",
    "legal_max_weight",
    "legal_total_weight",
    "money_count",
    "percentage_count",
    "pii_cooccurrence",
    "pii_type_count",
    "proper_noun_count",
    "sentence_count",
    "tech_enterprise_match_count",
    "tech_enterprise_max_weight",
    "tech_enterprise_total_weight",
    "tech_match_count",
    "tech_max_weight",
    "tech_total_weight",
    "urgency_markers",
    "word_count"
  ],
  "scaler": {
    "mean": [
      269.7692307692308,
      0.05384615384615385,
      0.2846153846153846,
      0.8461538461538461,
      1.623076923076923,
      0.27692307692307694,
      0.8076923076923077,
      1.4,
      0.015384615384615385,
      0.06923076923076923,
      0.13076923076923078,
      0.023076923076923078,
      0.24615384615384617,
      0.36153846153846153,
      0.7615384615384615,
      1.5076923076923077,
      0.6,
      1.976923076923077,
      3.0615384615384613,
      0.45384615384615384,
      0.46923076923076923,
      1.7615384615384615,
      2.6615384615384614,
      0.9076923076923077,
      0.5692307692307692,
      0.007692307692307693,
      0.023076923076923078,
      0.6538461538461539,
      5.369230769230769,
      0.8076923076923077,
      2.1076923076923078,
      4.061538461538461,
      0.5076923076923077,
      1.9615384615384615,
      3.2384615384615385,
      0.05384615384615385,
      41.823076923076925
    ],
    "scale": [
      141.61939993471876,
      0.2257138577095571,
      0.870319264007049,
      2.2683831533004972,
      5.22900988512148,
      0.8413851639307887,
      2.008045945866295,
      4.881046546040654,
      0.12307692307692307,
      0.2538461538461538,
      0.3371478000124793,
      0.15014785612263973,
      0.430769230769231,
      1.0884275613071466,
      1.8051373105830946,
      4.980340046849062,
      0.9891721480417538,
      2.7413230511936963,
      5.299860442507821,
      0.49786526539336656,
      0.8610231975652927,
      2.8169919749587993,
      5.19993172463143,
      1.5711150075229705,
      1.115888480356221,
      0.0873678207046196,
      0.19475367540264882,
      0.997778597774834,
      2.9065931988616223,
      1.3421919720892497,
      2.8829636296597347,
      7.102278990852536,
      1.046945401898404,
      3.3012907642404334,
      6.543115990405895,
      0.31160967846967763,
      21.243447997917773
    ]
  },
  "coefficients": {
    "SAFE": [
      -0.16627717485753582,
      -0.015905315546485235,
      -0.03938785632218977,
      -0.035245112435824254,
      -0.03365535850204454,
      -0.027881079041736624,
      -0.03127254070587956,
      -0.023533929380075508,
      -0.005166633580588165,
      -0.018474506102109683,
      0.08658615154505529,
      -0.015439424656302702,
      -0.04296208939888203,
      -0.041434973455051996,
      -0.05281412615266186,
      -0.03677678544439347,
      -0.022423520605997446,
      0.005367333878686529,
      -0.021647358485224942,
      0.001897290764216377,
      -0.05973057077130571,
      -0.08067430773257023,
      -0.06253541752142182,
      -0.03606269977089121,
      -0.0513832880841933,
      -0.00424880975187124,
      -0.00905076859913397,
      -0.06308797307803486,
      -0.13602673728814918,
      -0.059401118238716084,
      -0.08369875152447073,
      -0.06118388206096517,
      -0.04682824516472161,
      -0.03927634276722474,
      -0.04179821391253817,
      -0.025438157000960665,
      -0.16854176301119855
    ],
    "SENSITIVE": [
      0.06916059186463959,
      -0.04338264309273663,
      -0.014992590892937228,
      -0.0034677140529390804,
      -0.020792097454963368,
      -0.012467017704058152,
      0.006822183898454625,
      -0.014429743302284904,
      -0.015985127947360723,
      -0.0373537451799301,
      -0.027146751208612818,
      -0.030364246859511897,
      -0.0922967073398275,
      0.007638846546501082,
      0.03385149522545612,
      -0.00013734790925041418,
      0.04204543063185215,
      0.026396398893471625,
      0.042760726436848376,
      0.06233100570202458,
      0.03462872181898368,
      0.0725349528286096,
      0.03286704875650576,
      -0.07912246197013348,
      -0.017333165439912156,
      -0.012750632683268887,
      -0.015150767284097017,
      0.007404591026108867,
      0.04512444201875519,
      0.025289623697450466,
      0.054627941311616815,
      0.03175295276105839,
      0.016417025238851517,
      0.042711938252585936,
      0.012018248463655958,
      0.003466220354853826,
      0.06918379458072003
    ],
    "CRITICAL": [
      0.09711658299289623,
      0.05928795863922186,
      0.05438044721512701,
      0.03871282648876334,
      0.05444745595700791,
      0.040348096745794766,
      0.024450356807424942,
      0.037963672682360415,
      0.02115176152794889,
      0.05582825128203978,
      -0.05943940033644249,
      0.045803671515814603,
      0.1352587967387095,
      0.03379612690855094,
      0.018962630927205733,
      0.03691413335364387,
      -0.019621910025854696,
      -0.031763732772158146,
      -0.021113367951623434,
      -0.06422829646624094,
      0.02510184895232204,
      0.008139354903960623,
      0.02966836876491607,
      0.11518516174102468,
      0.06871645352410545,
      0.016999442435140122,
      0.02420153588323099,
      0.055683382051925995,
      0.09090229526939395,
      0.03411149454126561,
      0.029070810212853897,
      0.02943092929990678,
      0.030411219925870085,
      -0.0034355954853612044,
      0.02977996544888222,
      0.021971936646106836,
      0.09935796843047852
    ]
  },
  "intercepts": {
    "SAFE": -0.2127522289702424,
    "SENSITIVE": 0.042023485275075205,
    "CRITICAL": 0.17072874369516766
  },
  "keyword_dictionaries": {
    "legal": {
      "attorney-client": 8,
      "privileged": 7,
      "work product": 8,
      "confidential": 5,
      "under seal": 9,
      "protective order": 8,
      "without prejudice": 6,
      "settlement": 6,
      "settle for": 8,
      "bottom line": 9,
      "opening position": 9,
      "mediation": 5,
      "arbitration": 4,
      "summary judgment": 5,
      "motion to": 4,
      "deposition": 6,
      "discovery": 5,
      "interrogatories": 5,
      "subpoena": 5,
      "strong case": 8,
      "weak case": 8,
      "exposure": 6,
      "liability": 5,
      "likelihood of success": 9,
      "risk of loss": 8,
      "smoking gun": 9,
      "our best argument": 8,
      "their weakness": 8,
      "acquisition": 4,
      "merger": 4,
      "purchase price": 7,
      "earnout": 7,
      "due diligence": 5,
      "closing conditions": 6,
      "break-up fee": 8,
      "letter of intent": 6,
      "term sheet": 5,
      "SPA": 5,
      "MAC clause": 7,
      "our client": 7,
      "the client wants": 8,
      "client's position": 8,
      "matter number": 6,
      "docket": 5,
      "case no": 5,
      "conflict of interest": 7,
      "ethics committee": 8,
      "disqualification": 7,
      "malpractice": 7,
      "bar complaint": 8
    },
    "finance": {
      "earnings": 4,
      "revenue will": 8,
      "above consensus": 9,
      "below consensus": 9,
      "earnings call": 5,